spotify	DONE	2026-06-03T02:55:24+00:00
figma	DONE	2026-06-03T02:55:24+00:00
tiffany	BLOCKED	2026-06-03T02:55:24+00:00
chatgpt	DONE	2026-06-03T02:55:43+00:00
claude	DONE	2026-06-03T02:56:42+00:00
notion	DONE	2026-06-03T02:57:04+00:00
apple	DONE	2026-06-03T02:57:20+00:00
nike	DONE	2026-06-03T02:57:43+00:00
adidas	BLOCKED	2026-06-03T03:11:53+00:00
gucci	BLOCKED	2026-06-03T03:11:53+00:00
louisvuitton	BLOCKED	2026-06-03T03:00:16+00:00
balenciaga	DONE	2026-06-03T03:00:35+00:00
lululemon	BLOCKED	2026-06-03T03:11:53+00:00
nordstrom	DONE	2026-06-03T03:01:01+00:00
cartier	BLOCKED	2026-06-03T03:01:14+00:00
pandora	DONE	2026-06-03T03:02:36+00:00
davidyurman	DONE	2026-06-03T03:03:04+00:00
rolex	BLOCKED	2026-06-03T03:03:16+00:00
applestore	DONE	2026-06-03T03:03:37+00:00
glossier	DONE	2026-06-03T03:04:50+00:00
shopify	DONE	2026-06-03T03:05:17+00:00
cocacola	DONE	2026-06-03T03:05:34+00:00
starbucks	DONE	2026-06-03T03:06:31+00:00
airbnb	DONE	2026-06-03T03:07:31+00:00
duolingo	DONE	2026-06-03T03:08:35+00:00
